https://badcode.ru,https://badcode.ru/content/images/2018/04/logo_big-3-1.png,https://badcode.ru/content/images/2018/04/logo_big-3-1.png
https://badcode.ru/,https://badcode.ru/content/images/2018/04/logo_big-3-1.png,https://badcode.ru/content/images/2018/04/logo_big-3-1.png
https://badcode.ru/tag/php/,https://badcode.ru/content/images/2018/04/logo_big-3-1.png,https://badcode.ru/content/images/2018/04/logo_big-3-1.png
https://badcode.ru/tag/true-stories/,https://badcode.ru/content/images/2018/04/logo_big-3-1.png,https://badcode.ru/content/images/2018/04/logo_big-3-1.png
https://badcode.ru/tag/parsery/,https://badcode.ru/content/images/2018/04/logo_big-3-1.png,https://badcode.ru/content/images/2018/04/logo_big-3-1.png
https://badcode.ru/tag/laravel/,https://badcode.ru/content/images/2018/04/logo_big-3-1.png,https://badcode.ru/content/images/2018/04/logo_big-3-1.png
https://badcode.ru/kak-zarieghistrirovatsia-na-digitalocean-s-bonusom-v-50-dollarov/,https://badcode.ru/content/images/2018/04/logo_big-3-1.png,https://badcode.ru/content/images/2019/01/form.png,https://badcode.ru/content/images/2019/01/payment-data-2-hided.png,https://badcode.ru/content/images/2019/01/result.png,https://badcode.ru/content/images/2018/04/logo_big-3-1.png
https://badcode.ru/chto-nuzhno-znat-o-vue3-v-2020-ghodu-vue3-what-is-new/,https://badcode.ru/content/images/2018/04/logo_big-3-1.png,https://badcode.ru/content/images/2020/01/stats1.png,https://badcode.ru/content/images/2020/01/portal.png,https://badcode.ru/content/images/2020/01/dynamic.jpg,https://badcode.ru/content/images/2020/01/three_block1.jpg,https://badcode.ru/content/images/2020/01/typescript.jpg,https://badcode.ru/content/images/2018/04/logo_big-3-1.png
https://badcode.ru/author/fomenko/,https://badcode.ru/content/images/2018/04/logo_big-3-1.png,https://badcode.ru/content/images/2018/04/logo_big-3-1.png
https://badcode.ru/digitalocean-spaces-pliusy-minusy-sravnieniie-rieghistratsiia-i-nastroika/,https://badcode.ru/content/images/2018/04/logo_big-3-1.png,https://badcode.ru/content/images/2019/12/tarif.png,https://badcode.ru/content/images/2019/12/regions.png,https://badcode.ru/content/images/2019/12/space_create.png,https://badcode.ru/content/images/2019/12/-----------.png,https://badcode.ru/content/images/2019/12/enable_cdn.png,https://badcode.ru/content/images/2019/12/add_new_domain.png,https://badcode.ru/content/images/2019/12/cusom_domain_create.png,https://badcode.ru/content/images/2019/12/subdomain_result.png,https://badcode.ru/content/images/2019/12/allow_setting.png,https://badcode.ru/content/images/2019/12/finalize_creating.png,https://badcode.ru/content/images/2019/12/menu.png,https://badcode.ru/content/images/2019/12/upload.png,https://badcode.ru/content/images/2019/12/result-1.png,https://badcode.ru/content/images/2019/12/cors.png,https://badcode.ru/content/images/2019/12/cors_add.png,https://badcode.ru/content/images/2019/12/success.png,https://badcode.ru/content/images/2018/04/logo_big-3-1.png
https://badcode.ru/kak-ispolzovat-digitalocean-spaces-v-php/,https://badcode.ru/content/images/2018/04/logo_big-3-1.png,https://badcode.ru/content/images/2019/12/manage_keys.png,https://badcode.ru/content/images/2019/12/spaces_keys.png,https://badcode.ru/content/images/2019/12/create_new.png,https://badcode.ru/content/images/2019/12/final.png,https://badcode.ru/content/images/2019/12/configs.png,https://badcode.ru/content/images/2019/12/uploading_success.png,https://badcode.ru/content/images/2019/12/private-file.png,https://badcode.ru/content/images/2019/12/access_errror.png,https://badcode.ru/content/images/2019/12/success_public.png,https://badcode.ru/content/images/2018/04/logo_big-3-1.png
https://badcode.ru/osnovnyie-11-konsolnykh-komand-nix-kotoryie-dolzhien-znat-kazhdyi-razrabotchik/,https://badcode.ru/content/images/2018/04/logo_big-3-1.png,https://badcode.ru/content/images/2019/12/grep.png,https://badcode.ru/content/images/2019/12/grep_c.png,https://badcode.ru/content/images/2019/11/grem-meme.jpeg,https://badcode.ru/content/images/2019/12/ls.png,https://badcode.ru/content/images/2019/12/pwd.png,https://badcode.ru/content/images/2019/12/cat.png,https://badcode.ru/content/images/2019/12/cat_2.png,https://badcode.ru/content/images/2019/12/echo.png,https://badcode.ru/content/images/2019/12/touch2.png,https://badcode.ru/content/images/2019/12/mkdir2.png,https://badcode.ru/content/images/2019/12/rm.png,https://badcode.ru/content/images/2019/12/rmdir.png,https://badcode.ru/content/images/2019/12/tail.png,https://badcode.ru/content/images/2019/12/wget.png,https://badcode.ru/content/images/2019/12/find.png,https://badcode.ru/content/images/2019/12/find_js.png,https://badcode.ru/content/images/2019/12/mv_old.png,https://badcode.ru/content/images/2018/04/logo_big-3-1.png
https://badcode.ru/kak-v-telegram-uznat-svoi-id/,https://badcode.ru/content/images/2018/04/logo_big-3-1.png,https://badcode.ru/content/images/2019/11/search_001.png,https://badcode.ru/content/images/2019/11/search.png,https://badcode.ru/content/images/2019/11/-----_----.png,https://badcode.ru/content/images/2019/11/result_new.png,https://badcode.ru/content/images/2018/04/logo_big-3-1.png
https://badcode.ru/ustanovka-tiemy-phpstorm-kak-v-sublimetext-phpstorm-sublime-text-theme-sublime-text-color-scheme-phpstorm/,https://badcode.ru/content/images/2018/04/logo_big-3-1.png,https://badcode.ru/content/images/2019/11/sublime-theme.jpg,https://badcode.ru/content/images/2019/11/settings_export.jpg,https://badcode.ru/content/images/2019/11/setting_list.jpg,https://badcode.ru/content/images/2019/11/theme_setting.jpg,https://badcode.ru/content/images/2019/11/------.jpg,https://badcode.ru/content/images/2018/04/logo_big-3-1.png
https://badcode.ru/privatnyi-konstruktor-klassa-v-php-zachiem-nuzhien-privatnyi-konstruktor/,https://badcode.ru/content/images/2018/04/logo_big-3-1.png,https://badcode.ru/content/images/2018/04/logo_big-3-1.png
https://badcode.ru/opierator-raskladyvaniia-spread-dlia-massivov-v-php-7-4-php-spread-operator/,https://badcode.ru/content/images/2018/04/logo_big-3-1.png,https://badcode.ru/content/images/2018/04/logo_big-3-1.png
https://badcode.ru/strielochnyie-funktsii-v-php-kak-ispolzovat/,https://badcode.ru/content/images/2018/04/logo_big-3-1.png,https://badcode.ru/content/images/2018/04/logo_big-3-1.png
https://badcode.ru/pishiem-bota-rieghistratsii-akkaunta-na-php-emuliruia-ajax-zaprosy-na-curl/,https://badcode.ru/content/images/2018/04/logo_big-3-1.png,https://badcode.ru/content/images/2019/10/target_first_visit.png,https://badcode.ru/content/images/2019/10/2s_step_site.png,https://badcode.ru/content/images/2019/10/defailts_request.png,https://badcode.ru/content/images/2019/10/headers_explai_---n.png,https://badcode.ru/content/images/2019/10/preview.png,https://badcode.ru/content/images/2018/04/logo_big-3-1.png
https://badcode.ru/bazovaia-rabota-s-php-curl-get-post-json-headers/,https://badcode.ru/content/images/2018/04/logo_big-3-1.png,https://badcode.ru/content/images/2018/04/logo_big-3-1.png
https://badcode.ru/ispolzovaniie-vieb-vorkierov-vo-vuejs-vue-js-web-worker/,https://badcode.ru/content/images/2018/04/logo_big-3-1.png,https://badcode.ru/content/images/2018/04/logo_big-3-1.png
https://badcode.ru/prostoie-obiasnieniie-chto-takoie-webworke-y-v-js-i-kak-s-nimi-rabotat-web-worker-js-example/,https://badcode.ru/content/images/2018/04/logo_big-3-1.png,https://badcode.ru/content/images/2019/09/1_6FqBtyiDrh1P7KWe4OkaGQ.png,https://badcode.ru/content/images/2019/09/schema.png,https://badcode.ru/content/images/2018/04/logo_big-3-1.png
https://badcode.ru/kak-sghienierirovat-svoi-ssh-kliuch-na-linux-macos-windows/,https://badcode.ru/content/images/2018/04/logo_big-3-1.png,https://badcode.ru/content/images/2019/09/keygenerated.png,https://badcode.ru/content/images/2019/09/search.png,https://badcode.ru/content/images/2019/09/interface.png,https://badcode.ru/content/images/2019/09/--------.png,https://badcode.ru/content/images/2019/09/ssh-generated.png,https://badcode.ru/content/images/2019/09/load_key.png,https://badcode.ru/content/images/2019/09/public_key.png,https://badcode.ru/content/images/2019/09/windows_git_bash.png,https://badcode.ru/content/images/2018/04/logo_big-3-1.png
https://badcode.ru/git-delete-tag-from-server-and-local-repository/,https://badcode.ru/content/images/2018/04/logo_big-3-1.png,https://badcode.ru/content/images/2019/09/tags.png,https://badcode.ru/content/images/2018/04/logo_big-3-1.png
https://badcode.ru/chto-novogho-v-laravel-6-0-laravel-6-features/,https://badcode.ru/content/images/2018/04/logo_big-3-1.png,https://badcode.ru/content/images/2019/09/laravel-6-logo.png,https://badcode.ru/content/images/2019/09/support.png,https://badcode.ru/content/images/2018/04/logo_big-3-1.png
https://badcode.ru/kak-pieriedat-dannyie-v-komponient-vuejs-iz-laravel/,https://badcode.ru/content/images/2018/04/logo_big-3-1.png,https://badcode.ru/content/images/2019/09/resul_render_list.png,https://badcode.ru/content/images/2019/09/string_data.png,https://badcode.ru/content/images/2019/09/js_result.png,https://badcode.ru/content/images/2019/09/boll_result.png,https://badcode.ru/content/images/2018/04/logo_big-3-1.png
https://badcode.ru/phpstorm-kak-riedaktirovat-zaghruzhat-sinkhronizirovat-faily-po-ftp-na-nieskolko-siervierov/,https://badcode.ru/content/images/2018/04/logo_big-3-1.png,https://badcode.ru/content/images/2019/09/settings_add_button.png,https://badcode.ru/content/images/2019/09/settings_add_server_select_type.png,https://badcode.ru/content/images/2019/09/name_server.png,https://badcode.ru/content/images/2019/09/settings.png,https://badcode.ru/content/images/2019/09/success.png,https://badcode.ru/content/images/2019/09/select_path.png,https://badcode.ru/content/images/2019/09/paths.png,https://badcode.ru/content/images/2019/09/tolls.png,https://badcode.ru/content/images/2019/09/upload_to.png,https://badcode.ru/content/images/2019/09/upload_to_button.png,https://badcode.ru/content/images/2019/09/setting_auth2-1.png,https://badcode.ru/content/images/2019/09/server_grou-p.png,https://badcode.ru/content/images/2019/09/add_new_server_to_grou.png,https://badcode.ru/content/images/2019/09/2-servers-list.png,https://badcode.ru/content/images/2019/09/upload_to_server_group.png,https://badcode.ru/content/images/2019/09/Upload_to_one_server_edited.png,https://badcode.ru/content/images/2018/04/logo_big-3-1.png
https://badcode.ru/kak-udalit-vietku-v-git-lokalnuiu-ili-udalionnuiu/,https://badcode.ru/content/images/2018/04/logo_big-3-1.png,https://badcode.ru/content/images/2019/08/remote.png,https://badcode.ru/content/images/2018/04/logo_big-3-1.png
https://badcode.ru/kak-sozdavat-vlozhiennyie-zaprosy-v-sviaziakh-laravel/,https://badcode.ru/content/images/2018/04/logo_big-3-1.png,https://badcode.ru/content/images/2019/08/Screenshot_1.png,https://badcode.ru/content/images/2018/04/logo_big-3-1.png
https://badcode.ru/nuzhien-li-frilansieru-vtoroi-monitor/,https://badcode.ru/content/images/2018/04/logo_big-3-1.png,https://badcode.ru/content/images/2019/08/image.jpg,https://badcode.ru/content/images/2019/08/0_FFw6a9MKcJ9oNi-E.jpg,https://badcode.ru/content/images/2018/04/logo_big-3-1.png
https://badcode.ru/15-mietodov-pri-rabotie-s-kolliektsiiami-laravel/,https://badcode.ru/content/images/2018/04/logo_big-3-1.png,https://badcode.ru/content/images/2019/08/filter.png,https://badcode.ru/content/images/2019/08/chunk.png,https://badcode.ru/content/images/2019/08/chunk_projecty.png,https://badcode.ru/content/images/2019/08/dump.png,https://badcode.ru/content/images/2019/08/changed.png,https://badcode.ru/content/images/2019/08/zipped.png,https://badcode.ru/content/images/2019/08/whereNotIn.png,https://badcode.ru/content/images/2019/08/tap.png,https://badcode.ru/content/images/2018/04/logo_big-3-1.png
https://badcode.ru/obrabotka-iskliuchienii-v-laravel-pri-ajax-zaprosie/,https://badcode.ru/content/images/2018/04/logo_big-3-1.png,https://badcode.ru/content/images/2018/04/logo_big-3-1.png
https://badcode.ru/kak-sozdat-kastomnuiu-stranitsu-404-v-laravel/,https://badcode.ru/content/images/2018/04/logo_big-3-1.png,https://badcode.ru/content/images/2019/08/404_laravel.png,https://badcode.ru/content/images/2018/04/logo_big-3-1.png
https://badcode.ru/a-chto-monitiviruiet-tiebia/,https://badcode.ru/content/images/2018/04/logo_big-3-1.png,https://badcode.ru/content/images/2018/04/logo_big-3-1.png
https://badcode.ru/symfony-na-windows-docker-slishkom-miedliennyi-sposoby-uskorieniia/,https://badcode.ru/content/images/2018/04/logo_big-3-1.png,https://badcode.ru/content/images/2019/06/control_panel.png,https://badcode.ru/content/images/2019/06/enable_disable.png,https://badcode.ru/content/images/2019/06/-----_-.png,https://badcode.ru/content/images/2019/06/hyper_v_cmd.png,https://badcode.ru/content/images/2019/06/admin_call.png,https://badcode.ru/content/images/2019/06/vagrant_build_reslt.png,https://badcode.ru/content/images/2019/06/vagrant_cache_reslt.png,https://badcode.ru/content/images/2019/06/docker_first_hudge_start_project.png,https://badcode.ru/content/images/2019/06/docker_cached_results_add.png,https://badcode.ru/content/images/2019/06/OpenServer-reulst_no_cache.png,https://badcode.ru/content/images/2019/06/OpenServer-reulst_has_cache.png,https://badcode.ru/content/images/2019/06/winnmp_without_cache.png,https://badcode.ru/content/images/2019/06/winnmp_cached.png,https://badcode.ru/content/images/2018/04/logo_big-3-1.png
https://badcode.ru/chto-takoie-elasticsearch-kak-s-nim-raboat-v-php/,https://badcode.ru/content/images/2018/04/logo_big-3-1.png,https://badcode.ru/content/images/2019/05/segments_url_es.jpg,https://badcode.ru/content/images/2019/05/postman_create_document.png,https://badcode.ru/content/images/2019/05/pretty_result_search_default-1.jpg,https://badcode.ru/content/images/2019/05/result_from_php_pretty.jpg,https://badcode.ru/content/images/2019/05/result_php.png,https://badcode.ru/content/images/2018/04/logo_big-3-1.png
https://badcode.ru/docker-tutorial-dlia-novichkov-rassmatrivaiem-docker-tak-iesli-by-on-byl-ighrovoi-pristavkoi/,https://badcode.ru/content/images/2018/04/logo_big-3-1.png,https://badcode.ru/content/images/2018/11/game-boy-coloe.jpg,https://badcode.ru/content/images/2018/11/cartrige.jpg,https://badcode.ru/content/images/2018/11/command-call.jpg,https://badcode.ru/content/images/2018/11/command-docker.jpg,https://badcode.ru/content/images/2018/11/docker-pull-ubuntu-18.png,https://badcode.ru/content/images/2018/11/docke-images.png,https://badcode.ru/content/images/2018/11/Depositphotos_194136098_xl-2015.jpg,https://badcode.ru/content/images/2018/11/Depositphotos_194135642_xl-2015.jpg,https://badcode.ru/content/images/2018/11/docker-run.png,https://badcode.ru/content/images/2018/11/docker-ps.png,https://badcode.ru/content/images/2018/11/docker-ps-a.jpg,https://badcode.ru/content/images/2018/11/docker-ubuntu-ls.png,https://badcode.ru/content/images/2018/11/docker-ps-new-window.png,https://badcode.ru/content/images/2018/11/docker-ps--a2.png,https://badcode.ru/content/images/2018/11/docker-exex-truedir.png,https://badcode.ru/content/images/2019/05/build-image-1.png,https://badcode.ru/content/images/2018/11/images-piramyd.png,https://badcode.ru/content/images/2018/11/run-pyramid.png,https://badcode.ru/content/images/2019/05/cli_arg.png,https://badcode.ru/content/images/2019/05/result-3.png,https://badcode.ru/content/images/2019/05/apache_call.png,https://badcode.ru/content/images/2019/05/apache_result.png,https://badcode.ru/content/images/2019/05/apache_result_8080.png,https://badcode.ru/content/images/2019/05/cache.png,https://badcode.ru/content/images/2019/05/apache_index_count.png,https://badcode.ru/content/images/2019/05/exec.png,https://badcode.ru/content/images/2018/04/logo_big-3-1.png
https://badcode.ru/5-printsipov-solid-obiasnieniie-na-paltsakh/,https://badcode.ru/content/images/2018/04/logo_big-3-1.png,https://badcode.ru/content/images/2018/04/logo_big-3-1.png
https://badcode.ru/ponimaniie-i-primienieniie-intierfieisov-i-abstraktnykh-klassov/,https://badcode.ru/content/images/2018/04/logo_big-3-1.png,https://badcode.ru/content/images/2018/04/logo_big-3-1.png
https://badcode.ru/bystryi-php-parsier-s-razborom-dom-i-asinkhronnymi-zaprosami/,https://badcode.ru/content/images/2018/04/logo_big-3-1.png,https://badcode.ru/content/images/2019/05/task.jpg,https://badcode.ru/content/images/2019/05/titles.png,https://badcode.ru/content/images/2019/05/table_params.png,https://badcode.ru/content/images/2019/05/time.png,https://badcode.ru/content/images/2019/05/rating.png,https://badcode.ru/content/images/2018/04/logo_big-3-1.png
https://badcode.ru/php-chtieniie-csv-i-konviertatsiia-v-massiv-i-json/,https://badcode.ru/content/images/2018/04/logo_big-3-1.png,https://badcode.ru/content/images/2018/04/logo_big-3-1.png
https://badcode.ru/sokrashchieniie-ssylok-s-adf-ly-s-pomoshchiu-php/,https://badcode.ru/content/images/2018/04/logo_big-3-1.png,https://badcode.ru/content/images/2018/12/succes-request.png,https://badcode.ru/content/images/2018/12/links-api.png,https://badcode.ru/content/images/2018/04/logo_big-3-1.png
https://badcode.ru/kak-sdielat-skrinshot-saita-na-php/,https://badcode.ru/content/images/2018/04/logo_big-3-1.png,https://badcode.ru/content/images/2018/12/response.png,https://badcode.ru/content/images/2018/04/logo_big-3-1.png
https://badcode.ru/kak-konviertirovat-xml-v-assotsiativnyi-massiv/,https://badcode.ru/content/images/2018/04/logo_big-3-1.png,https://badcode.ru/content/images/2018/10/source.png,https://badcode.ru/content/images/2018/10/associative.png,https://badcode.ru/content/images/2018/04/logo_big-3-1.png
https://badcode.ru/kak-napisat-parsier-na-curl-php/,https://badcode.ru/content/images/2018/04/logo_big-3-1.png,https://badcode.ru/content/images/2018/04/logo_big-3-1.png
https://badcode.ru/kak-pisat-parsery-na-php/,https://badcode.ru/content/images/2018/04/logo_big-3-1.png,https://badcode.ru/content/images/2018/04/logo_big-3-1.png
https://badcode.ru/oshibka-xdebug-pri-vypolnienii-curl_exec/,https://badcode.ru/content/images/2018/04/logo_big-3-1.png,https://badcode.ru/content/images/2018/07/new-config.png,https://badcode.ru/content/images/2018/07/result.png,https://badcode.ru/content/images/2018/04/logo_big-3-1.png
https://badcode.ru/probliema-s-zapuskom-xdebug-na-openserver-kak-ustanovit-vruchnuiu/,https://badcode.ru/content/images/2018/04/logo_big-3-1.png,https://badcode.ru/content/images/2018/07/phpinfo.png,https://badcode.ru/content/images/2018/07/php-ini-path.png,https://badcode.ru/content/images/2018/07/xdebug-pathj.png,https://badcode.ru/content/images/2018/07/versions.png,https://badcode.ru/content/images/2018/04/logo_big-3-1.png
https://badcode.ru/chto-takoie-php-ochieried-zadach/,https://badcode.ru/content/images/2018/04/logo_big-3-1.png,https://badcode.ru/content/images/2018/04/logo_big-3-1.png
https://badcode.ru/ochieriedi-v-proghrammirovanii-prosto-o-slozhnom/,https://badcode.ru/content/images/2018/04/logo_big-3-1.png,https://badcode.ru/content/images/2018/06/lifecicle_default.jpg,https://badcode.ru/content/images/2018/06/queues.jpg,https://badcode.ru/content/images/2018/06/couble-queue.jpg,https://badcode.ru/content/images/2018/04/logo_big-3-1.png
https://badcode.ru/vk-api-osnovy-poluchieniie-tokiena/,https://badcode.ru/content/images/2018/04/logo_big-3-1.png,https://badcode.ru/content/images/2018/05/create_app.jpg,https://badcode.ru/content/images/2018/05/vk-api-config.jpg,https://badcode.ru/content/images/2018/05/auth.jpg,https://badcode.ru/content/images/2018/05/token.jpg,https://badcode.ru/content/images/2018/05/api-method-params.png,https://badcode.ru/content/images/2018/05/resule-json.png,https://badcode.ru/content/images/2018/04/logo_big-3-1.png
https://badcode.ru/chto-takoie-xdebug-i-kak-ispolzovat/,https://badcode.ru/content/images/2018/04/logo_big-3-1.png,https://badcode.ru/content/images/2018/05/openserverphp-ini-2.jpg,https://badcode.ru/content/images/2018/05/xdebug-php-1.jpg,https://badcode.ru/content/images/2018/05/xdebug-phpinfo.jpg,https://badcode.ru/content/images/2018/05/phpstorm-index-2.jpg,https://badcode.ru/content/images/2018/05/phpstorm-odekey.jpg,https://badcode.ru/content/images/2018/05/client.jpg,https://badcode.ru/content/images/2018/05/xdebug-breakpoint-1.jpg,https://badcode.ru/content/images/2018/05/xdebug-phpstorm-index.jpg,https://badcode.ru/content/images/2018/05/function-breakpoint.jpg,https://badcode.ru/content/images/2018/05/pannel-debug.jpg,https://badcode.ru/content/images/2018/05/green_bar.jpg,https://badcode.ru/content/images/2018/05/2steps-bar.jpg,https://badcode.ru/content/images/2018/05/recurs-block.jpg,https://badcode.ru/content/images/2018/04/logo_big-3-1.png
https://badcode.ru/kak-nastroit-php-storm-laravel/,https://badcode.ru/content/images/2018/04/logo_big-3-1.png,https://badcode.ru/content/images/2018/04/php-settings.jpg,https://badcode.ru/content/images/2018/04/php-settings-marked.jpg,https://badcode.ru/content/images/2018/04/php-settings-interpriters-last.jpg,https://badcode.ru/content/images/2018/04/composer.jpg,https://badcode.ru/content/images/2018/04/node.jpg,https://badcode.ru/content/images/2018/04/JS.jpg,https://badcode.ru/content/images/2018/04/laravel-pugin.jpg,https://badcode.ru/content/images/2018/04/laravel-pugin-enable.jpg,https://badcode.ru/content/images/2018/04/vue.jpg,https://badcode.ru/content/images/2018/04/composer-ide-helper.jpg,https://badcode.ru/content/images/2018/04/ide-helper-result.jpg,https://badcode.ru/content/images/2018/04/artisan-1.jpg,https://badcode.ru/content/images/2018/04/artisan-comand.jpg,https://badcode.ru/content/images/2018/04/fond-command.jpg,https://badcode.ru/content/images/2018/04/commands.jpg,https://badcode.ru/content/images/2018/04/artisans.jpg,https://badcode.ru/content/images/2018/04/logo_big-3-1.png
https://badcode.ru/poka-oni-nie-smotriat/,https://badcode.ru/content/images/2018/04/logo_big-3-1.png,https://badcode.ru/content/images/2018/04/logo_big-3-1.png
https://badcode.ru/ot-mienia-tiebie-lichno/,https://badcode.ru/content/images/2018/04/logo_big-3-1.png,https://badcode.ru/content/images/2018/04/logo_big-3-1.png
https://badcode.ru/kuda-propal-anghiel-moi/,https://badcode.ru/content/images/2018/04/logo_big-3-1.png,https://badcode.ru/content/images/2018/04/logo_big-3-1.png
https://badcode.ru/chto-nuzhno-znat-laravel-junior-proghrammistu/,https://badcode.ru/content/images/2018/04/logo_big-3-1.png,https://badcode.ru/content/images/2018/04/logo_big-3-1.png
https://badcode.ru/tiebie-bolno/,https://badcode.ru/content/images/2018/04/logo_big-3-1.png,https://badcode.ru/content/images/2018/04/1369132566_179196838.jpg,https://badcode.ru/content/images/2018/04/logo_big-3-1.png
https://badcode.ru/blog-begining/,https://badcode.ru/content/images/2018/04/logo_big-3-1.png,https://badcode.ru/content/images/2018/04/logo_big-3-1.png
https://badcode.ru/kak-skachat-sait-wget/,https://badcode.ru/content/images/2018/04/logo_big-3-1.png,https://badcode.ru/content/images/2018/04/ulrs.jpg,https://badcode.ru/content/images/2018/04/file_res.jpg,https://badcode.ru/content/images/2018/04/result-all-1.jpg,https://badcode.ru/content/images/2018/04/logo_big-3-1.png
https://badcode.ru/kak-parsit-s-pomoshchiu-file_get_contents/,https://badcode.ru/content/images/2018/04/logo_big-3-1.png,https://badcode.ru/content/images/2018/04/goodfon.jpg,https://badcode.ru/content/images/2018/04/viewedit.jpg,https://badcode.ru/content/images/2018/04/urlst_1.jpg,https://badcode.ru/content/images/2018/04/logo_big-3-1.png
https://badcode.ru/file_get_contents-post/,https://badcode.ru/content/images/2018/04/logo_big-3-1.png,https://badcode.ru/content/images/2018/04/context_standart.jpg,https://badcode.ru/content/images/2018/04/context-result.jpg,https://badcode.ru/content/images/2018/04/result-yandex.jpg,https://badcode.ru/content/images/2018/04/logo_big-3-1.png
https://badcode.ru/10-luchshikh-laravel-khielpierov-dlia-uproshchieniia-zhizni/,https://badcode.ru/content/images/2018/04/logo_big-3-1.png,https://badcode.ru/content/images/2018/04/logo_big-3-1.png
https://badcode.ru/sozdaniie-sobstviennyi-funktsii-khielpierov-v-laravel/,https://badcode.ru/content/images/2018/04/logo_big-3-1.png,https://badcode.ru/content/images/2018/04/logo_big-3-1.png
https://badcode.ru/kak-v-laravel-zadat-limity-obrashchieinii-k-api-indvidualno-dlia-kazhdogho-polzovatielia/,https://badcode.ru/content/images/2018/04/logo_big-3-1.png,https://badcode.ru/content/images/2019/06/post_store.png,https://badcode.ru/content/images/2019/06/get_list.png,https://badcode.ru/content/images/2019/06/custom.png,https://badcode.ru/content/images/2019/06/middleawre_delete.png,https://badcode.ru/content/images/2018/04/logo_big-3-1.png
https://badcode.ru/udalieniie-vsiekh-zadach-iz-ochieriedi-laravel-redis/,https://badcode.ru/content/images/2018/04/logo_big-3-1.png,https://badcode.ru/content/images/2019/06/docker-redis.png,https://badcode.ru/content/images/2019/06/horizon_reulst.png,https://badcode.ru/content/images/2019/06/redis_cli-1.png,https://badcode.ru/content/images/2019/06/tinker.png,https://badcode.ru/content/images/2018/04/logo_big-3-1.png
https://badcode.ru/kak-ispravit-oshibku-symlink-protocol-error-i-sozdat-symlink-vagrant/,https://badcode.ru/content/images/2018/04/logo_big-3-1.png,https://badcode.ru/content/images/2018/10/cmd.png,https://badcode.ru/content/images/2018/10/secpol.msc.png,https://badcode.ru/content/images/2018/10/settings.png,https://badcode.ru/content/images/2018/10/find-username-1.jpg,https://badcode.ru/content/images/2018/10/result.png,https://badcode.ru/content/images/2018/04/logo_big-3-1.png
https://badcode.ru/laravel-5-5-vyvod-oshibok-validatsii-dlia-api/,https://badcode.ru/content/images/2018/04/logo_big-3-1.png,https://badcode.ru/content/images/2018/08/error-default-form-request.png,https://badcode.ru/content/images/2018/08/habdler.php.png,https://badcode.ru/content/images/2018/08/validation.png,https://badcode.ru/content/images/2018/08/api-form-request.png,https://badcode.ru/content/images/2018/04/logo_big-3-1.png
https://badcode.ru/priviazka-modieli-k-marshrutam-laravel-iavnaia-i-nieiavnaia-priviazki/,https://badcode.ru/content/images/2018/04/logo_big-3-1.png,https://badcode.ru/content/images/2018/04/logo_big-3-1.png
https://badcode.ru/chto-takoie-sviazi-v-laravel-chto-takoie-sviazi-v-mysql-v-chiem-otlichiia/,https://badcode.ru/content/images/2018/04/logo_big-3-1.png,https://badcode.ru/content/images/2018/06/mysql_orders.png,https://badcode.ru/content/images/2018/06/relation.jpg,https://badcode.ru/content/images/2018/06/mysql_orders_-------.png,https://badcode.ru/content/images/2018/04/logo_big-3-1.png
https://badcode.ru/laravel-poleznuye-directivu-i-ih-prodvunutoe-ispolzovanie/,https://badcode.ru/content/images/2018/04/logo_big-3-1.png,https://badcode.ru/content/images/2018/04/logo_big-3-1.png
https://badcode.ru/5-laravel-helperov-kotorye-sdelayut-vashu-zhizn-leghchie/,https://badcode.ru/content/images/2018/04/logo_big-3-1.png,https://badcode.ru/content/images/2018/04/logo_big-3-1.png
https://badcode.ru/laravel-socket-io-broadcasting/,https://badcode.ru/content/images/2018/04/logo_big-3-1.png,https://badcode.ru/content/images/2018/04/first_event-3.jpg,https://badcode.ru/content/images/2018/04/env.jpg,https://badcode.ru/content/images/2018/04/echo-server-init-1.jpg,https://badcode.ru/content/images/2018/04/run-server.jpg,https://badcode.ru/content/images/2018/04/horizon.jpg,https://badcode.ru/content/images/2018/04/newreread-2.jpg,https://badcode.ru/content/images/2018/04/superciso-status.jpg,https://badcode.ru/content/images/2018/04/result.jpg,https://badcode.ru/content/images/2018/04/resulur2.jpg,https://badcode.ru/content/images/2018/04/result-all.jpg,https://badcode.ru/content/images/2018/04/logo_big-3-1.png
https://badcode.ru/ustanovka-homestead-dlia-kazhdogho-proiekta-otdielno/,https://badcode.ru/content/images/2018/04/logo_big-3-1.png,https://badcode.ru/content/images/2018/04/console.jpg,https://badcode.ru/content/images/2018/04/phpstorm-vagrant.jpg,https://badcode.ru/content/images/2018/04/laravel.jpg,https://badcode.ru/content/images/2018/04/ssh-1.jpg,https://badcode.ru/content/images/2018/04/logo_big-3-1.png
https://badcode.ru/kak-ustanovit-laravel-homstead-na-windows/,https://badcode.ru/content/images/2018/04/logo_big-3-1.png,https://badcode.ru/content/images/2018/04/add_box.jpg,https://badcode.ru/content/images/2018/04/homestaed-installresult.jpg,https://badcode.ru/content/images/2018/04/adssad.jpg,https://badcode.ru/content/images/2018/04/ssh.jpg,https://badcode.ru/content/images/2018/04/new-project.jpg,https://badcode.ru/content/images/2018/04/logo_big-3-1.png
https://badcode.ru/tag/digitalocean/,https://badcode.ru/content/images/2018/04/logo_big-3-1.png,https://badcode.ru/content/images/2018/04/logo_big-3-1.png
https://badcode.ru/kak-pierieniesti-i-nastroit-domien-na-dititalocean/,https://badcode.ru/content/images/2018/04/logo_big-3-1.png,https://badcode.ru/content/images/2019/05/domains-manager.jpg,https://badcode.ru/content/images/2019/05/domain-manager.jpg,https://badcode.ru/content/images/2019/05/change_DNS-1.png,https://badcode.ru/content/images/2019/05/apply_cusomt.png,https://badcode.ru/content/images/2019/05/add_domain.png,https://badcode.ru/content/images/2019/05/adding_ns_records.png,https://badcode.ru/content/images/2019/05/subdomain.png,https://badcode.ru/content/images/2018/04/logo_big-3-1.png
https://badcode.ru/tag/vue-js/,https://badcode.ru/content/images/2018/04/logo_big-3-1.png,https://badcode.ru/content/images/2018/04/logo_big-3-1.png
https://badcode.ru/vue-js-render-function-vue-h-app/,https://badcode.ru/content/images/2018/04/logo_big-3-1.png,https://badcode.ru/content/images/2018/06/html.jpg,https://badcode.ru/content/images/2018/04/logo_big-3-1.png
https://feedly.com/i/subscription/feed/https://badcode.ru/author/fomenko/rss/,https://badcode.ru//s5.feedly.com/web/master/vendors.c31511634ab94d792792.js
https://badcode.ru/tag/povyshaia-kvalifikatsiiu/,https://badcode.ru/content/images/2018/04/logo_big-3-1.png,https://badcode.ru/content/images/2018/04/logo_big-3-1.png
https://badcode.ru/tag/ubuntu/,https://badcode.ru/content/images/2018/04/logo_big-3-1.png,https://badcode.ru/content/images/2018/04/logo_big-3-1.png
https://badcode.ru/tag/telegram/,https://badcode.ru/content/images/2018/04/logo_big-3-1.png,https://badcode.ru/content/images/2018/04/logo_big-3-1.png
https://badcode.ru/tag/phpstorm/,https://badcode.ru/content/images/2018/04/logo_big-3-1.png,https://badcode.ru/content/images/2018/04/logo_big-3-1.png
https://badcode.ru/content/images/settings_last.zip
https://badcode.ru/tag/curl/,https://badcode.ru/content/images/2018/04/logo_big-3-1.png,https://badcode.ru/content/images/2018/04/logo_big-3-1.png
https://badcode.ru/tag/javascript/,https://badcode.ru/content/images/2018/04/logo_big-3-1.png,https://badcode.ru/content/images/2018/04/logo_big-3-1.png
https://badcode.ru/tag/ssh/,https://badcode.ru/content/images/2018/04/logo_big-3-1.png,https://badcode.ru/content/images/2018/04/logo_big-3-1.png
https://badcode.ru/tag/git/,https://badcode.ru/content/images/2018/04/logo_big-3-1.png,https://badcode.ru/content/images/2018/04/logo_big-3-1.png
https://badcode.ru/kak-udalit-vietku-v-git-lokalnuiu-ili-udalionnuiu#command_explain,https://badcode.ru/content/images/2018/04/logo_big-3-1.png,https://badcode.ru/content/images/2019/08/remote.png,https://badcode.ru/content/images/2018/04/logo_big-3-1.png
https://badcode.ru/tag/digital/,https://badcode.ru/content/images/2018/04/logo_big-3-1.png,https://badcode.ru/content/images/2018/04/logo_big-3-1.png
https://badcode.ru/10-luchshikh-laravel-khielpierov-dlia-uproshchieniia-zhizni/#tap,https://badcode.ru/content/images/2018/04/logo_big-3-1.png,https://badcode.ru/content/images/2018/04/logo_big-3-1.png
https://badcode.ru/tag/sierioznyi-razghovor/,https://badcode.ru/content/images/2018/04/logo_big-3-1.png,https://badcode.ru/content/images/2018/04/logo_big-3-1.png
https://badcode.ru/soft-skills-miaghkiie-navyki-dlia-proghrammista/,https://badcode.ru/content/images/2018/04/logo_big-3-1.png,https://badcode.ru/content/images/2018/04/logo_big-3-1.png
https://badcode.ru/tag/elasticsearch/,https://badcode.ru/content/images/2018/04/logo_big-3-1.png,https://badcode.ru/content/images/2018/04/logo_big-3-1.png
https://badcode.ru/kak-ustanovit-elasticsearch-ubuntu-vagrant-homestead-docker-windows/,https://badcode.ru/content/images/2018/04/logo_big-3-1.png,https://badcode.ru/content/images/2019/05/java_result.png,https://badcode.ru/content/images/2019/05/curl_result.png,https://badcode.ru/content/images/2019/05/firewall.png,https://badcode.ru/content/images/2019/05/result-postman.png,https://badcode.ru/content/images/2019/05/docker-postman-result.png,https://badcode.ru/content/images/2019/05/vagrant_curl_result.png,https://badcode.ru/content/images/2019/05/windows_loader_msi.png,https://badcode.ru/content/images/2019/05/dinwos_dirs.png,https://badcode.ru/content/images/2019/05/windows_as_service.png,https://badcode.ru/content/images/2019/05/windows_common.png,https://badcode.ru/content/images/2019/05/windows_result.png,https://badcode.ru/content/images/2018/04/logo_big-3-1.png
https://badcode.ru/kak-zarieghistrirovatsia-na-digitalocean-s-bonusom-v-100/,https://badcode.ru/content/images/2018/04/logo_big-3-1.png
https://badcode.ru/kak-ustanovit-elasticsearch-ubuntu-vagrant-homestead-docker-windows#remote_access_settings,https://badcode.ru/content/images/2018/04/logo_big-3-1.png,https://badcode.ru/content/images/2019/05/java_result.png,https://badcode.ru/content/images/2019/05/curl_result.png,https://badcode.ru/content/images/2019/05/firewall.png,https://badcode.ru/content/images/2019/05/result-postman.png,https://badcode.ru/content/images/2019/05/docker-postman-result.png,https://badcode.ru/content/images/2019/05/vagrant_curl_result.png,https://badcode.ru/content/images/2019/05/windows_loader_msi.png,https://badcode.ru/content/images/2019/05/dinwos_dirs.png,https://badcode.ru/content/images/2019/05/windows_as_service.png,https://badcode.ru/content/images/2019/05/windows_common.png,https://badcode.ru/content/images/2019/05/windows_result.png,https://badcode.ru/content/images/2018/04/logo_big-3-1.png
https://badcode.ru/tag/docker/,https://badcode.ru/content/images/2018/04/logo_big-3-1.png,https://badcode.ru/content/images/2018/04/logo_big-3-1.png
https://badcode.ru/lokalizatsiia-html-razmietki-google-chrome-extension/,https://badcode.ru/content/images/2018/04/logo_big-3-1.png,https://badcode.ru/content/images/2019/03/structure.png,https://badcode.ru/content/images/2018/04/logo_big-3-1.png
https://badcode.ru/chto-takoie-api/,https://badcode.ru/content/images/2018/04/logo_big-3-1.png,https://badcode.ru/content/images/2018/04/logo_big-3-1.png
https://badcode.ru/ustanovka-rabbitmq-na-windows-10/,https://badcode.ru/content/images/2018/04/logo_big-3-1.png,https://badcode.ru/content/images/2018/08/erlang.png,https://badcode.ru/content/images/2018/08/rabbit-windows-search.png,https://badcode.ru/content/images/2018/08/plugin-enable.png,https://badcode.ru/content/images/2018/08/rabbit-login-web-pannel.png,https://badcode.ru/content/images/2018/08/rabbit-web-interface.png,https://badcode.ru/content/images/2018/08/test-rabbitmq.png,https://badcode.ru/content/images/2018/04/logo_big-3-1.png
https://badcode.ru/supervisor-kak-pieriezapustit-i-ostanovit-zadachi/,https://badcode.ru/content/images/2018/04/logo_big-3-1.png,https://badcode.ru/content/images/2018/04/logo_big-3-1.png
https://badcode.ru/tag/vagrant/,https://badcode.ru/content/images/2018/04/logo_big-3-1.png,https://badcode.ru/content/images/2018/04/logo_big-3-1.png
https://badcode.ru/chto-takoie-kieshirovaniie-na-primierie-php-klassa/,https://badcode.ru/content/images/2018/04/logo_big-3-1.png,https://badcode.ru/content/images/2018/04/logo_big-3-1.png
https://badcode.ru/kak-ispolzovat-redis-osnovnyie-komanly/,https://badcode.ru/content/images/2018/04/logo_big-3-1.png,https://badcode.ru/content/images/2018/04/set.jpg,https://badcode.ru/content/images/2018/04/hello_set_redis.jpg,https://badcode.ru/content/images/2018/04/set_10.jpg,https://badcode.ru/content/images/2018/04/GET-by-key.jpg,https://badcode.ru/content/images/2018/04/DEL.jpg,https://badcode.ru/content/images/2018/04/logo_big-3-1.png
https://badcode.ru/kak-podniat-vpn-na-vps-digitalocean/,https://badcode.ru/content/images/2018/04/logo_big-3-1.png,https://badcode.ru/content/images/2019/04/create_droplet-1.png,https://badcode.ru/content/images/2019/04/image.png,https://badcode.ru/content/images/2019/04/plan.png,https://badcode.ru/content/images/2019/04/location.png,https://badcode.ru/content/images/2019/04/create_button.png,https://badcode.ru/content/images/2019/04/droplets.png,https://badcode.ru/content/images/2019/04/email.png,https://badcode.ru/content/images/2019/04/putty-connect.png,https://badcode.ru/content/images/2019/04/putty-alert.png,https://badcode.ru/content/images/2019/04/console.jpg,https://badcode.ru/content/images/2019/04/executing.png,https://badcode.ru/content/images/2019/04/run-udp-ip.png,https://badcode.ru/content/images/2019/04/pass-phrase.png,https://badcode.ru/content/images/2019/04/ketphrase.png,https://badcode.ru/content/images/2019/04/passphrase_repeat.png,https://badcode.ru/content/images/2019/04/result_keypass.png,https://badcode.ru/content/images/2019/04/psftp.png,https://badcode.ru/content/images/2019/04/openvpn.png,https://badcode.ru/content/images/2019/04/success-vpn.png,https://badcode.ru/content/images/2019/04/result-vpn.png,https://badcode.ru/content/images/2018/04/logo_big-3-1.png
https://badcode.ru/tag/chrome-extensions/,https://badcode.ru/content/images/2018/04/logo_big-3-1.png,https://badcode.ru/content/images/2018/04/logo_big-3-1.png
https://badcode.ru/tag/api/,https://badcode.ru/content/images/2018/04/logo_big-3-1.png,https://badcode.ru/content/images/2018/04/logo_big-3-1.png
https://badcode.ru/tag/ochieriedi/,https://badcode.ru/content/images/2018/04/logo_big-3-1.png,https://badcode.ru/content/images/2018/04/logo_big-3-1.png
